plot,mean_wt_c,year,total_cover,total_richness
F5,8.96,1979,105,10
I5,8.9,2020,132,13
I3,8.82,2020,114,8
E14,8.81,1979,77,16
C11,8.79,1984,90,12
F5,8.79,1995,141,13
G5,8.76,1995,147,18
F5,8.71,1981,120,13
E14,8.66,1980,106,16
B6,8.55,1979,110,11
E6,8.54,2020,94,11
G5,8.53,2020,175,13
F15,8.49,1995,144,19
G5,8.43,1984,201,11
E14,8.38,1995,183,17
J7,8.38,2020,146,9
E14,8.3,1981,115,19
B6,8.3,1982,148,12
D5,8.3,1987,125,15
E14,8.26,1982,100,18
F4,8.26,1987,151,19
G5,8.25,1979,83,12
D5,8.24,1982,98,18
F5,8.2,1982,102,13
I3,8.2,2005,88,10
D16,8.19,1984,141,14
G5,8.19,2005,54,14
G5,8.18,1980,92,13
C16,8.15,1984,155,12
G2,8.15,2005,75,12
E13,8.14,1982,73,18
G6,8.11,1984,165,12
G5,8.08,1981,93,15
E13,8.08,2005,59,18
D5,8.05,1981,82,17
G5,8.03,1982,77,14
I3,8.03,1984,189,9
I9,8.03,2020,86,13
G7,8.02,1984,109,9
J6,8.02,1987,237,16
F6,8,1995,152,16
I3,7.98,1995,194,15
F5,7.95,1980,57,10
D5,7.95,1984,130,15
F5,7.95,2005,85,11
D3,7.93,2020,114,13
I3,7.92,1982,129,17
I5,7.92,1982,112,17
F6,7.9,1987,165,13
G5,7.9,1987,213,17
D5,7.89,1995,150,18
C2,7.89,2005,76,16
E14,7.87,1987,203,20
C6,7.87,1987,257,17
D5,7.87,2005,130,12
E3,7.87,2020,109,14
I5,7.84,1979,108,16
I4,7.82,1982,112,19
I6,7.82,2020,99,15
E13,7.81,1987,166,15
D16,7.8,1981,92,16
G6,7.78,1987,190,17
J6,7.77,1995,167,17
I5,7.76,1980,117,17
I5,7.76,1981,117,17
E2,7.76,1987,147,10
C6,7.75,1980,116,19
I4,7.73,1984,180,12
G6,7.72,1995,140,16
I6,7.7,1982,89,17
C6,7.65,2005,120,17
D3,7.64,2005,133,12
E14,7.63,1984,161,16
E2,7.62,1980,85,17
G4,7.62,1981,112,20
I6,7.62,1984,133,11
C6,7.61,1982,94,22
C7,7.61,1995,190,19
B7,7.59,1980,131,13
J7,7.57,2005,93,12
C2,7.56,1987,95,13
G2,7.56,1995,177,14
E13,7.56,1995,107,14
G4,7.55,1987,134,19
C6,7.5,1979,103,18
F15,7.48,1987,186,17
E4,7.48,2005,141,10
B6,7.47,1980,152,12
F4,7.46,1982,70,19
I6,7.46,1995,145,17
D1,7.46,2005,41,13
H9,7.46,2005,46,12
G3,7.44,1981,124,16
D7,7.44,1987,299,19
D15,7.44,1987,209,16
B6,7.42,1981,174,17
I6,7.42,2005,69,12
F14,7.41,1987,201,16
F4,7.35,2020,126,11
E3,7.33,1987,189,14
D5,7.32,1979,88,15
G3,7.32,1980,111,16
C11,7.3,1987,172,18
D5,7.28,2020,175,10
I3,7.27,1979,109,10
F4,7.25,1981,93,18
C6,7.23,1981,93,20
F14,7.23,1995,118,15
E13,7.22,1980,89,19
E2,7.22,1995,170,16
D5,7.21,1980,98,16
J5,7.21,1982,111,17
G1,7.21,2020,75,16
G7,7.2,1987,168,17
G3,7.19,1979,140,14
C2,7.19,1980,72,17
J8,7.19,1981,74,18
B6,7.18,1995,166,19
E2,7.17,1979,82,16
E2,7.17,1982,94,19
C22,7.17,1987,182,18
F4,7.17,2005,96,21
F6,7.16,1984,132,11
I5,7.16,2005,82,11
D2,7.16,2020,101,18
H7,7.15,2005,66,13
B7,7.14,1987,264,19
B5,7.13,1995,142,18
E13,7.12,1981,104,21
C1,7.12,2020,66,13
I5,7.11,1987,220,14
F3,7.11,1995,144,17
F14,7.11,2005,81,15
G4,7.11,2005,66,14
I3,7.09,1980,103,10
F4,7.09,1980,138,17
D13,7.09,1995,124,16
G4,7.08,1979,108,17
G6,7.08,1982,78,16
C11,7.08,1995,177,17
D1,7.08,1995,92,14
E12,7.08,2005,105,17
C16,7.07,1982,97,21
J6,7.06,1982,116,14
J8,7.05,1979,92,14
D14,7.05,1984,149,20
G8,7.05,1984,191,16
F4,7.04,1979,101,15
J4,7.04,1984,222,15
G8,7.04,1995,157,19
C1,7.04,2005,81,12
B5,7.03,1980,154,15
I9,7.03,2005,37,11
G4,7.02,1980,142,21
D1,7.02,1987,99,15
F5,7.02,1987,170,24
C18,7.01,1979,81,18
C5,7.01,2020,87,14
D22,7,1979,60,1
K3,7,1979,85,1
D22,7,1980,60,1
G4,7,1982,84,20
F13,6.99,1984,136,12
B2,6.99,1987,123,13
E7,6.98,1981,151,26
B5,6.96,1979,99,15
C23,6.96,1984,161,10
D13,6.96,1987,219,20
D20,6.96,1987,80,3
G4,6.96,1995,135,22
I6,6.95,1980,124,14
B5,6.95,1982,97,17
J6,6.95,2005,61,16
E4,6.93,1979,110,15
C7,6.92,1979,166,23
E7,6.92,1979,121,21
I7,6.92,1987,209,13
F2,6.92,1995,152,20
D22,6.9,1982,79,2
C7,6.9,1987,332,22
J5,6.9,1987,153,13
E7,6.9,1987,191,26
J5,6.89,1979,111,14
F7,6.89,1979,62,17
C19,6.89,1982,89,4
F3,6.89,2020,116,13
I3,6.88,1981,94,14
F14,6.88,1982,92,19
E7,6.88,1982,114,23
D22,6.88,1984,102,3
H4,6.88,2005,64,9
J6,6.87,1980,89,12
I6,6.87,1987,311,17
F14,6.86,1984,240,16
K3,6.85,1980,88,3
G3,6.85,1982,102,14
D16,6.85,1982,133,18
H7,6.85,1995,137,14
C6,6.84,2020,208,17
D14,6.83,1987,252,22
D22,6.82,1981,83,2
E13,6.82,1984,146,8
G8,6.81,1982,83,17
D14,6.81,1995,89,19
F3,6.81,2005,83,19
D6,6.8,2005,75,16
C7,6.8,2005,94,20
I4,6.79,1980,144,16
G16,6.79,2005,34,13
G8,6.79,2005,53,10
C5,6.79,2005,52,12
C13,6.78,1981,77,12
C20,6.78,1984,107,3
B2,6.78,1995,125,15
E15,6.78,1995,115,19
J5,6.77,1984,185,10
E4,6.76,1981,133,19
F7,6.76,1982,90,18
E13,6.75,1979,99,19
B5,6.75,1981,111,17
G6,6.74,1979,86,17
J8,6.74,1980,90,15
K3,6.74,1982,96,4
F7,6.74,1995,168,15
G7,6.73,1979,95,19
E20,6.73,1981,55,2
C6,6.72,1995,126,19
E7,6.72,2005,97,14
H6,6.71,1979,99,12
K3,6.71,1981,87,3
J4,6.71,1987,149,16
E3,6.71,2005,104,19
I8,6.7,1979,97,18
G6,6.7,1981,84,17
B1,6.7,2005,63,17
F14,6.69,1981,96,17
C7,6.69,1981,201,27
E2,6.69,1981,67,20
I6,6.68,1981,91,14
J6,6.68,1981,97,13
G8,6.68,1981,106,18
F6,6.68,1982,87,11
C7,6.68,1984,206,13
I3,6.68,1987,169,18
G3,6.67,1987,202,16
E2,6.67,2005,78,15
F7,6.66,1981,131,19
D3,6.66,1987,194,16
D18,6.65,1982,68,2
D21,6.65,1984,98,3
I7,6.65,2020,100,12
G8,6.64,2020,90,13
C2,6.63,1982,94,18
I5,6.63,1984,144,11
F16,6.63,1995,119,12
C4,6.62,1984,168,14
C6,6.62,1984,183,17
D18,6.61,1984,114,2
E16,6.61,1987,206,14
E20,6.59,1980,58,2
J6,6.57,1979,77,12
G9,6.57,1979,69,19
D19,6.57,1981,69,3
C12,6.57,1984,142,11
D15,6.57,1995,108,19
C19,6.56,1980,82,5
J5,6.56,1980,151,16
G7,6.56,1982,106,21
J10,6.56,2020,75,16
K7,6.55,1980,110,19
E21,6.55,1984,115,4
E1,6.54,2005,87,16
E13,6.54,2020,134,17
K5,6.53,1980,101,17
J8,6.53,1982,118,17
G4,6.53,1984,131,11
D15,6.53,1984,148,15
D19,6.53,1984,95,2
B2,6.53,2005,70,16
D18,6.52,1980,58,4
C18,6.52,1981,89,24
C16,6.52,1987,169,19
E6,6.52,2005,153,10
D19,6.51,1980,68,3
J4,6.51,1982,122,20
E7,6.51,1995,115,18
D2,6.5,1995,129,18
C23,6.5,2005,18,5
H9,6.5,2020,113,14
F14,6.5,2020,133,13
G8,6.49,1979,90,16
C2,6.49,1981,74,19
F4,6.49,1984,166,18
C19,6.48,1981,92,4
D7,6.48,2005,118,14
G3,6.48,2005,139,12
H5,6.48,2020,85,12
G4,6.48,2020,126,17
I5,6.47,1995,178,15
C18,6.46,1980,92,23
C5,6.46,1987,181,20
F4,6.46,1995,132,20
F11,6.45,1987,144,19
F14,6.44,1979,99,18
I8,6.44,1982,108,19
D17,6.43,1984,127,7
D14,6.43,2005,77,15
G6,6.42,1980,90,15
E4,6.42,1980,149,17
C13,6.42,1982,67,12
F5,6.42,2020,64,13
F7,6.41,1980,176,18
C11,6.41,1981,141,19
B19,6.41,2020,131,12
E12,6.4,1980,125,15
F11,6.4,1995,177,18
C2,6.4,1995,116,18
C1,6.4,1995,96,14
C13,6.39,1980,80,12
E7,6.38,1980,138,22
F2,6.38,1987,113,14
E14,6.38,2005,143,13
D19,6.37,1979,81,3
I7,6.37,1995,175,16
I7,6.36,1984,247,10
K5,6.35,1981,81,17
E12,6.35,1982,85,17
C21,6.35,2005,113,8
I10,6.35,2020,92,16
G3,6.35,2020,136,15
C18,6.34,1982,80,24
C7,6.33,1980,175,23
H6,6.33,1982,100,12
I7,6.33,1982,85,18
J8,6.33,2020,85,9
K5,6.32,1979,77,16
G8,6.32,1987,164,21
B6,6.32,1987,260,17
I8,6.31,1981,121,18
E21,6.31,1981,52,3
I10,6.31,1987,147,19
J5,6.3,1981,117,18
C12,6.3,1981,105,13
C19,6.29,1979,58,5
D13,6.28,2005,99,16
F15,6.27,1980,111,21
H5,6.27,1995,164,14
J4,6.27,2005,95,15
C16,6.27,2005,99,13
J4,6.26,1979,129,18
I8,6.26,1980,96,17
F3,6.26,1980,152,16
K6,6.26,1981,86,16
C23,6.26,1995,169,14
C2,6.25,1979,75,13
D2,6.25,1979,93,15
E20,6.25,1982,80,2
D12,6.25,1987,187,17
C19,6.25,1995,72,5
F3,6.24,1979,160,19
G8,6.24,1980,100,17
E11,6.24,1987,196,15
B1,6.24,2020,51,11
B7,6.23,1982,144,13
D19,6.23,1987,128,4
I8,6.23,2005,158,8
G2,6.23,2020,126,18
E21,6.22,1979,69,4
D18,6.22,1981,81,5
C17,6.22,1984,77,9
B13,6.22,1987,275,18
I7,6.22,2005,99,12
C3,6.22,2005,118,12
F17,6.22,2005,82,10
C16,6.21,1981,90,18
I4,6.21,1987,211,16
G3,6.21,1995,207,13
I4,6.21,2005,70,13
B20,6.21,2020,160,8
B7,6.2,1979,137,12
D7,6.2,1995,132,19
G9,6.19,1981,94,24
E4,6.19,1982,88,20
F7,6.19,1987,229,24
E14,6.19,2020,154,18
D3,6.18,1981,101,16
E21,6.18,1982,55,3
F15,6.18,1984,157,17
H3,6.18,2005,78,16
E2,6.18,2020,136,17
C11,6.17,1979,114,12
F14,6.17,1980,119,18
G9,6.17,1982,81,21
D16,6.17,1987,183,22
E21,6.16,1980,70,4
G3,6.16,1984,190,18
J2,6.16,2005,68,9
J4,6.16,2020,95,18
D16,6.15,1980,110,15
J7,6.15,1982,99,18
C7,6.14,1982,156,24
F9,6.14,1984,191,10
B7,6.14,1995,233,19
J4,6.13,1980,134,18
D3,6.13,1995,187,19
I6,6.12,1979,82,13
C16,6.12,1980,83,19
B2,6.12,1981,89,17
C19,6.12,1984,128,4
J7,6.12,1995,153,15
F15,6.11,1982,95,23
D11,6.11,2005,133,14
C23,6.09,1979,110,15
K7,6.09,1981,87,20
H5,6.09,2005,97,12
G9,6.08,1980,99,21
J4,6.08,1995,153,20
D9,6.07,1979,73,3
D19,6.07,1982,71,3
B6,6.07,1984,239,14
C3,6.07,1995,119,19
G7,6.06,1980,216,22
D14,6.06,1981,124,23
L2,6.06,1984,86,6
G9,6.05,2005,85,13
J4,6.04,1981,111,20
G2,6.04,1987,113,10
E12,6.04,1987,227,18
E4,6.04,1995,167,19
L3,6.03,1981,60,7
E9,6.03,1984,148,6
J11,6.03,2005,62,12
C7,6.03,2020,151,19
D9,6.02,1984,129,5
H1,6.02,2005,48,17
D9,6.01,1980,89,3
E20,6,1979,75,2
D22,6,1987,141,7
C23,6,1987,280,13
D20,6,2005,100,5
G9,6,2020,111,11
E12,5.99,1979,115,14
I4,5.99,1979,71,13
B7,5.99,1981,147,17
K6,5.99,1982,107,17
G2,5.99,1984,123,16
H7,5.99,1987,179,15
D21,5.99,1987,139,8
D6,5.99,2020,90,14
E17,5.98,1984,145,15
D6,5.98,1995,115,20
E3,5.98,1995,156,19
C2,5.98,2020,137,21
E3,5.97,1982,116,17
F11,5.96,1979,47,12
D9,5.96,1981,71,4
G9,5.96,1984,139,18
B9,5.96,2005,26,3
C13,5.95,1979,63,9
H10,5.95,2020,116,12
I1,5.95,2020,57,7
E8,5.94,1981,90,5
H5,5.94,1981,122,13
D13,5.94,1982,100,21
H5,5.93,1982,89,15
E22,5.93,1984,163,7
J5,5.93,2020,114,13
E8,5.91,1979,82,4
L3,5.91,1980,69,6
B9,5.91,1984,104,4
E7,5.91,1984,99,20
D2,5.91,2005,68,20
C21,5.91,2020,114,6
G16,5.91,2020,53,14
K6,5.9,1979,90,15
E11,5.9,1982,81,21
C9,5.9,1984,110,4
K6,5.9,1984,224,18
C9,5.9,2020,21,2
K7,5.89,1979,57,16
B9,5.89,1982,107,4
J6,5.89,1984,192,13
D7,5.89,1984,184,17
B9,5.89,1987,107,4
H3,5.89,1987,195,15
E15,5.89,1987,140,25
C5,5.89,1995,137,24
K2,5.88,1979,83,3
E8,5.88,1980,97,4
E9,5.88,1980,80,3
D3,5.88,1982,106,17
E9,5.87,1979,71,3
D6,5.87,1984,165,12
B9,5.87,1995,100,4
B9,5.86,1980,91,4
C11,5.86,1980,132,17
C23,5.86,1982,90,15
F5,5.86,1984,140,12
D16,5.85,1979,99,18
D20,5.85,1982,55,3
D6,5.85,1987,190,15
E3,5.84,1984,171,10
I7,5.83,1979,95,17
D18,5.83,1979,94,3
B2,5.83,1980,98,16
H9,5.83,1995,181,27
B4,5.83,2020,183,11
B2,5.82,1979,111,16
G9,5.82,1987,154,20
I10,5.82,1995,103,17
E7,5.82,2020,213,16
G20,5.82,2020,99,3
D20,5.81,1979,53,3
D9,5.81,1982,84,4
C11,5.81,1982,120,18
E16,5.81,1984,185,13
D9,5.81,1987,108,5
I1,5.81,2005,48,9
F2,5.81,2005,88,19
B2,5.81,2020,138,9
E11,5.8,1995,163,19
F6,5.8,2020,88,6
E9,5.79,1981,70,3
C17,5.79,1987,193,17
F2,5.79,2020,107,20
D3,5.78,1979,130,14
E8,5.78,1982,115,4
C9,5.78,1982,110,3
C22,5.78,1984,181,15
D18,5.78,1987,123,7
J9,5.78,2020,123,16
B9,5.77,1979,56,4
K6,5.77,1987,197,17
F11,5.76,1980,78,19
E9,5.76,1982,111,4
C19,5.76,2005,93,6
C9,5.75,1980,88,3
L3,5.74,1979,61,5
D11,5.74,1987,178,19
E1,5.74,1995,114,18
C11,5.74,2005,189,10
I4,5.73,1981,91,17
E12,5.73,1984,177,15
C9,5.73,1987,98,3
C8,5.73,1987,228,16
E8,5.73,1987,110,9
J8,5.73,1995,142,21
C22,5.72,1980,128,15
B9,5.72,1981,57,4
H7,5.72,1984,173,17
H5,5.72,1984,192,12
I8,5.72,2020,122,13
C9,5.71,1979,49,3
G7,5.71,1981,125,23
D21,5.71,1981,45,7
E12,5.71,1981,107,15
F12,5.71,1984,111,5
D2,5.7,1982,99,16
B10,5.7,2005,57,4
D9,5.7,2005,43,5
E2,5.69,1984,132,14
D6,5.68,1981,105,12
D9,5.68,1995,106,6
B1,5.67,1995,119,19
F6,5.67,2005,36,10
F13,5.66,1982,100,9
C8,5.66,1984,166,22
F7,5.66,2005,73,12
D13,5.65,1979,95,17
D14,5.65,1979,97,22
D14,5.65,1980,104,22
K4,5.65,1981,93,14
E11,5.65,1984,117,11
G7,5.65,2020,95,11
E8,5.64,2005,55,6
E17,5.63,1979,115,16
F9,5.62,1982,115,9
C10,5.61,1980,82,4
H6,5.61,1980,150,12
C5,5.61,1981,132,22
F15,5.61,1981,138,23
F1,5.61,1995,142,18
E10,5.61,1995,134,12
D10,5.61,1995,117,16
B18,5.61,2005,119,15
G15,5.61,2020,155,15
J7,5.6,1981,104,19
F3,5.6,1981,126,19
B16,5.6,1987,174,22
E6,5.6,1987,188,19
J5,5.6,2005,121,14
D10,5.6,2020,126,13
F15,5.59,1979,111,19
D2,5.59,1981,99,17
C20,5.59,1982,82,10
G7,5.59,2005,157,13
F1,5.59,2005,56,14
E1,5.59,2020,56,12
H7,5.59,2020,104,16
D4,5.58,1984,161,11
K5,5.58,1984,130,10
K4,5.58,1987,151,10
E9,5.58,1995,97,6
F11,5.58,2005,149,12
D15,5.58,2005,157,21
D14,5.58,2020,71,13
F13,5.57,1979,98,9
H5,5.57,1979,109,13
E16,5.57,1981,157,20
C10,5.57,1982,108,4
G15,5.57,2005,137,17
J7,5.56,1979,101,16
B20,5.56,2005,311,8
F6,5.55,1981,86,15
C10,5.55,1984,104,6
B4,5.55,1987,343,33
C13,5.55,1995,335,27
H2,5.55,2005,75,17
C17,5.54,1995,57,15
E4,5.54,2020,185,13
C2,5.53,1984,110,12
E4,5.53,1987,175,19
C17,5.53,2005,36,10
G21,5.53,2020,95,3
E19,5.52,1984,77,3
E9,5.52,1987,128,5
E19,5.52,1987,127,7
K7,5.52,1987,226,18
C10,5.51,1979,78,4
D10,5.51,1979,65,15
B8,5.51,1982,72,14
G12,5.51,1984,125,9
H5,5.51,1987,61,10
E16,5.5,1979,94,14
D3,5.5,1980,107,14
C10,5.5,1981,76,4
D11,5.5,1984,171,17
D18,5.5,1995,40,2
F16,5.5,2005,80,13
J10,5.5,2005,36,19
C22,5.5,2020,50,7
D2,5.49,1984,126,12
B7,5.49,1984,179,17
E15,5.49,1984,211,18
C12,5.49,1987,221,16
D1,5.49,2020,87,13
F13,5.48,1980,105,10
I7,5.48,1981,89,17
B10,5.48,1982,100,9
F7,5.48,2020,124,9
K4,5.47,1980,111,17
D13,5.47,1981,110,19
D14,5.47,1982,92,24
D7,5.47,1982,92,17
B8,5.47,1984,217,22
C9,5.47,1995,95,4
B17,5.47,1995,88,16
E20,5.47,2005,75,3
H10,5.46,1984,155,12
G10,5.46,1984,219,10
H2,5.46,1995,134,19
E12,5.46,1995,204,19
B10,5.45,1979,99,9
F11,5.45,1981,103,21
C10,5.45,2020,104,4
C20,5.44,1980,93,12
K2,5.44,1980,96,4
C5,5.44,1980,147,20
L5,5.44,1981,106,14
D1,5.44,1982,75,20
D17,5.44,1987,187,17
J3,5.44,1995,181,10
E11,5.43,1979,76,14
D2,5.43,1980,91,15
H10,5.43,2005,44,13
G1,5.43,2005,91,18
J7,5.42,1987,210,18
J3,5.42,1987,151,13
C23,5.41,1981,93,15
D11,5.41,1982,101,24
F9,5.41,1995,148,11
F21,5.41,2020,110,3
D13,5.4,1980,124,18
F13,5.4,1981,108,13
K7,5.4,1982,100,21
D8,5.4,1984,156,14
E8,5.4,1995,119,6
H10,5.4,1995,108,19
E6,5.4,1995,88,18
F9,5.39,1980,137,7
E3,5.39,1980,158,17
J7,5.39,1980,122,18
D10,5.39,1984,121,13
C18,5.39,1987,208,18
C15,5.39,1987,145,21
G9,5.39,1995,160,25
E3,5.38,1979,150,15
F9,5.38,1979,108,7
D11,5.38,1980,130,21
H6,5.38,1981,141,16
B16,5.38,1982,129,20
D16,5.38,1995,88,22
B5,5.38,2005,174,12
H2,5.38,2020,60,11
F7,5.37,1984,178,21
G12,5.37,1987,149,9
G13,5.36,1984,75,11
J1,5.36,1995,116,7
K7,5.36,1995,138,15
I10,5.36,2005,55,12
J8,5.36,2005,81,19
B5,5.35,2020,111,14
G2,5.34,1979,59,13
H5,5.34,1980,137,13
C8,5.34,1982,136,20
H9,5.34,1987,193,24
I4,5.34,1995,160,21
D12,5.34,1995,173,17
C18,5.34,2005,213,7
D4,5.33,1982,86,15
D3,5.33,1984,105,11
H6,5.33,2005,64,10
G14,5.33,2005,52,13
D20,5.32,1980,68,3
D15,5.32,1982,88,20
D8,5.32,1987,194,19
C3,5.32,2020,120,17
B16,5.31,1979,101,15
E3,5.31,1981,125,16
L3,5.31,1982,65,9
E6,5.31,1984,80,9
C12,5.31,1995,115,14
D12,5.3,1982,77,17
C18,5.3,1995,113,15
E16,5.3,1995,87,20
D11,5.3,1995,149,18
B10,5.29,1980,106,10
F12,5.29,1982,94,5
J2,5.29,1984,38,6
D1,5.29,1984,73,10
B13,5.29,2020,126,12
F8,5.28,1980,159,16
B13,5.28,1984,231,14
F8,5.28,1995,160,19
B3,5.28,2005,163,15
C20,5.27,1981,126,15
E22,5.27,1981,89,15
F12,5.27,1987,137,10
E16,5.26,1980,119,19
B2,5.26,1982,123,17
B3,5.26,1987,170,15
L3,5.26,1987,120,6
E10,5.26,2005,69,7
C16,5.25,1979,65,15
C9,5.25,1981,40,3
F8,5.25,1981,176,19
C22,5.25,1981,146,16
B10,5.25,1987,126,14
E15,5.25,2005,117,15
E11,5.25,2020,76,14
I7,5.24,1980,123,17
H7,5.24,1981,118,18
C5,5.24,1984,227,14
C15,5.24,1984,159,19
B15,5.24,1987,131,14
D10,5.24,1987,191,21
F16,5.24,2020,98,15
E10,5.23,1987,175,19
F10,5.23,1995,212,22
B8,5.23,2005,194,11
G6,5.23,2005,147,11
B10,5.22,1984,160,7
K3,5.22,2005,68,4
D15,5.22,2020,130,12
D7,5.21,1981,119,20
B14,5.21,1984,155,16
F3,5.2,1982,137,19
F2,5.2,1984,131,16
D17,5.2,2005,61,7
C12,5.19,1982,113,15
E4,5.19,1984,171,11
G16,5.19,1995,69,19
G7,5.19,1995,223,22
H1,5.19,2020,52,14
E5,5.17,1982,132,10
F3,5.17,1984,132,14
B4,5.17,1984,219,15
C18,5.17,1984,126,25
G14,5.17,1987,159,17
C20,5.17,1987,133,12
E10,5.17,2020,114,16
B16,5.16,1981,111,18
I10,5.16,1984,176,12
J9,5.16,2005,91,16
C5,5.15,1979,135,21
G2,5.15,1980,66,13
C22,5.15,1982,128,18
C10,5.15,2005,33,4
C1,5.14,1979,70,12
C20,5.13,1979,85,8
D8,5.13,1979,101,12
C22,5.13,1979,127,14
C13,5.13,1987,203,21
C10,5.13,1995,61,8
G1,5.13,1995,168,18
B3,5.13,1995,131,19
I8,5.13,1995,117,9
J6,5.13,2020,122,14
C21,5.12,1995,107,17
K6,5.12,1995,190,20
E5,5.12,2005,98,11
F15,5.12,2020,139,16
G14,5.11,1984,171,12
F9,5.11,1987,183,11
G15,5.11,1995,151,16
D7,5.11,2020,131,15
D9,5.11,2020,80,5
G12,5.1,1979,105,4
H8,5.1,1980,171,12
B12,5.1,1982,99,13
K5,5.1,1982,109,18
D8,5.1,1982,82,19
E12,5.1,2020,91,12
K5,5.09,1987,148,12
A1,5.09,1995,199,19
F6,5.08,1980,75,7
D11,5.08,1981,131,23
E16,5.08,1982,131,21
B7,5.08,2005,236,10
E22,5.08,2020,120,3
D6,5.07,1979,105,11
J1,5.07,1982,89,10
I11,5.07,1982,107,16
K6,5.06,1980,129,15
L5,5.06,1980,113,13
B16,5.06,1980,130,15
F8,5.06,1982,135,17
D10,5.06,2005,83,5
F20,5.05,1980,116,7
B10,5.05,1981,98,10
C3,5.05,1982,105,17
H8,5.05,1995,116,19
H3,5.05,2020,88,15
G10,5.04,1979,102,9
F16,5.04,1984,118,10
H6,5.04,1984,203,11
C20,5.04,1995,161,7
C8,5.04,1995,138,15
H7,5.03,1979,116,17
C1,5.03,1980,103,13
F9,5.03,1981,74,8
F20,5.03,1981,118,8
H8,5.03,1982,157,12
J10,5.03,1995,120,23
G12,5.03,1995,121,7
E9,5.03,2005,97,4
B19,5.02,1987,217,22
C14,5.02,1987,186,21
I9,5.02,1995,118,13
C24,5.02,2005,95,7
F6,5.01,1979,71,7
F2,5.01,1981,107,24
F11,5.01,1982,67,17
H9,5.01,1982,120,22
G10,5.01,1987,205,18
E6,5,1981,122,10
E20,5,1984,80,1
K3,5,1984,6,3
J3,5,2005,100,6
B3,5,2020,135,7
C17,5,2020,100,1
C19,5,2020,75,1
D17,5,2020,100,1
D22,5,2020,100,1
E21,5,2020,100,2
E6,4.99,1979,115,8
D15,4.99,1980,99,18
G12,4.99,1982,99,6
C22,4.99,1995,123,17
B12,4.99,1995,159,18
B12,4.98,1979,97,11
C17,4.97,1979,67,14
G12,4.97,1980,113,6
G11,4.97,1982,78,9
F3,4.97,1987,228,16
F8,4.97,2005,139,9
H14,4.97,2005,65,11
H8,4.96,1979,136,10
D15,4.96,1981,101,19
E21,4.96,1987,113,6
F10,4.96,2005,192,8
C9,4.96,2005,115,4
F17,4.96,2020,129,14
C4,4.95,1979,105,15
D7,4.95,1980,133,17
C3,4.95,1987,124,14
D22,4.95,1995,106,5
F19,4.95,1995,124,6
E11,4.95,2005,188,15
C12,4.94,1979,109,11
I2,4.94,1982,82,12
D6,4.94,1982,97,13
C14,4.94,1984,124,11
J2,4.94,1995,77,4
D21,4.94,2005,52,5
C20,4.94,2005,83,8
C12,4.94,2020,102,15
C10,4.92,1987,118,8
K4,4.92,2005,195,8
F10,4.92,2020,133,9
J7,4.91,1984,257,14
D12,4.91,1984,116,12
G10,4.9,1981,113,14
B22,4.9,1987,112,18
K5,4.9,1995,144,13
H6,4.9,1995,107,16
C20,4.9,2020,83,2
C17,4.89,1981,74,20
C15,4.89,1982,73,23
E8,4.89,1984,85,9
A1,4.89,1984,98,17
D12,4.88,1979,104,16
K4,4.88,1979,75,11
D1,4.88,1980,92,19
H7,4.88,1980,138,16
L4,4.88,1984,170,9
H4,4.88,1987,197,17
D21,4.88,1995,100,4
D16,4.88,2005,160,16
G12,4.87,1981,126,7
E6,4.87,1982,113,12
G10,4.87,1982,90,14
C19,4.87,1987,225,13
C15,4.87,2020,126,14
C8,4.86,1979,141,18
D6,4.86,1980,126,12
C8,4.86,1981,166,23
F8,4.86,1987,175,23
C4,4.86,1987,132,15
C11,4.86,2020,118,11
E20,4.85,1987,65,5
F13,4.85,2005,93,16
H4,4.85,2020,151,10
C15,4.84,1981,87,23
B8,4.84,1981,93,20
B17,4.84,1987,219,23
I8,4.84,1987,261,24
F15,4.84,2005,165,12
F13,4.84,2020,211,9
G14,4.83,1980,160,16
H7,4.83,1982,112,17
J11,4.83,1987,143,7
E6,4.82,1980,126,11
F20,4.82,1982,104,7
F20,4.82,1987,146,8
C17,4.81,1982,72,18
D2,4.81,1987,141,15
C8,4.81,2005,124,14
C18,4.81,2020,105,2
G14,4.81,2020,170,15
F10,4.8,1982,76,17
K7,4.8,1984,186,15
B20,4.8,1995,102,17
C8,4.8,2020,130,11
D22,4.79,2005,108,5
F10,4.78,1979,89,13
D10,4.78,1980,107,23
B14,4.78,1987,213,28
C4,4.78,2005,113,11
B4,4.77,1979,78,12
B15,4.77,2005,114,5
J11,4.77,2020,178,11
D15,4.76,1979,78,17
C1,4.76,1987,105,11
B16,4.76,1995,139,11
C4,4.75,1982,99,19
G14,4.75,1995,154,19
K7,4.75,2005,177,12
H9,4.74,1981,152,21
J3,4.74,1982,119,16
K2,4.74,1982,57,5
F8,4.74,2020,140,11
C21,4.73,1984,110,15
B8,4.73,1995,125,17
D10,4.72,1981,94,25
F16,4.72,1981,103,13
C1,4.72,1981,71,16
E10,4.72,1984,127,10
D8,4.72,1995,98,19
C12,4.72,2005,144,8
F11,4.72,2020,155,18
D11,4.71,1979,98,18
B17,4.71,1979,113,17
H4,4.71,1981,98,21
C21,4.71,1982,111,29
I8,4.71,1984,221,13
C15,4.7,1980,90,22
F10,4.7,1981,101,19
E17,4.7,1987,193,16
B8,4.7,1987,292,22
B12,4.69,1980,118,13
D4,4.69,1981,100,15
C3,4.69,1984,83,9
D12,4.69,2020,131,17
D4,4.68,1979,95,14
E5,4.68,1981,106,10
K12,4.68,1987,250,17
C4,4.68,1995,127,15
K11,4.67,1979,155,12
F2,4.67,1982,100,21
K8,4.67,1982,145,13
B20,4.67,1987,201,18
D19,4.67,1995,92,6
C22,4.67,2005,164,6
C23,4.65,1980,171,13
H4,4.65,1980,79,18
E1,4.65,1984,118,12
K8,4.65,1995,161,7
I19,4.65,2020,75,4
E11,4.64,1980,117,17
G10,4.64,1980,117,13
B18,4.64,1995,139,16
F8,4.63,1979,123,14
D4,4.63,1980,115,14
I11,4.63,1980,113,11
H8,4.63,1981,147,13
B11,4.63,1995,140,12
J18,4.63,2005,123,4
G2,4.62,1981,69,16
B10,4.62,1995,99,7
D7,4.61,1979,101,14
C3,4.61,1979,79,11
B13,4.61,1982,114,18
G13,4.61,1995,146,6
B15,4.61,1995,128,8
H8,4.61,2005,70,11
H16,4.61,2005,108,7
F12,4.61,2005,114,12
I2,4.6,1979,96,10
D12,4.6,1981,106,19
H3,4.6,1984,144,10
L4,4.6,1987,166,9
B18,4.6,1987,208,16
D4,4.6,1995,147,11
K4,4.6,1995,119,10
D1,4.59,1981,86,23
F20,4.57,1995,98,7
D17,4.57,1995,79,11
D19,4.57,2005,61,7
L4,4.56,1980,94,6
G10,4.56,1995,145,16
J3,4.55,1981,108,16
B2,4.55,1984,168,10
C21,4.55,1987,199,16
I11,4.54,1979,94,11
H9,4.54,1979,133,15
D8,4.54,1980,85,15
G1,4.54,1987,112,11
I19,4.54,2005,90,4
G10,4.54,2020,97,16
B4,4.53,1980,115,18
B17,4.53,1981,143,20
F19,4.53,2005,85,8
B6,4.53,2020,103,9
E15,4.53,2020,118,15
C4,4.53,2020,184,13
D8,4.53,2020,154,10
G14,4.52,1979,123,15
B17,4.52,1980,109,17
B4,4.52,1982,81,16
B5,4.52,1984,240,14
H4,4.52,1984,161,14
B12,4.52,1987,219,16
D17,4.51,1980,61,18
C17,4.51,1980,71,17
C3,4.5,1981,111,18
K5,4.5,2005,160,8
E20,4.5,2020,100,2
C13,4.48,1984,225,12
H19,4.48,2005,130,8
J3,4.47,1980,104,11
B22,4.47,1981,107,16
K9,4.46,1987,152,14
C14,4.46,1995,87,15
H3,4.46,1995,155,16
B19,4.46,1995,136,13
D18,4.46,2005,98,7
F21,4.45,1980,85,7
K8,4.45,1984,240,18
H6,4.45,1987,11,5
D4,4.45,1987,164,15
B11,4.45,1987,196,17
F16,4.45,1987,145,18
B13,4.45,2005,139,12
C12,4.44,1980,110,12
D8,4.44,1981,108,18
F1,4.44,1987,168,16
B11,4.44,2005,118,8
F9,4.44,2005,71,7
E5,4.43,1987,181,19
D18,4.43,2020,58,3
C16,4.43,2020,133,13
D1,4.42,1979,88,18
B24,4.42,1995,152,12
F12,4.42,1995,115,8
J9,4.42,1995,149,20
H1,4.42,1995,118,19
H14,4.42,2020,79,12
E17,4.42,2020,235,8
C4,4.41,1981,109,20
H3,4.41,1982,97,16
C16,4.41,1995,272,16
J3,4.4,1979,102,11
J9,4.4,1984,136,12
B9,4.4,2020,25,3
D17,4.39,1982,69,22
F11,4.39,1984,110,10
E18,4.39,1984,205,16
B17,4.39,2005,210,9
F20,4.38,1979,103,6
E17,4.38,1981,177,19
C1,4.38,1982,85,11
H8,4.38,1984,168,10
J8,4.38,1987,308,26
E21,4.38,2005,76,4
H19,4.38,2020,39,8
H8,4.38,2020,117,16
L5,4.37,1979,102,12
C15,4.37,1995,63,11
B19,4.37,2005,153,11
F21,4.36,1979,78,7
J8,4.36,1984,309,20
C5,4.35,1982,142,22
H20,4.35,2005,92,7
F20,4.35,2020,100,4
G6,4.35,2020,162,11
D17,4.34,1981,85,20
K6,4.34,2005,116,10
C8,4.33,1980,175,19
B14,4.33,1980,137,19
G14,4.33,1982,121,22
B16,4.33,2020,116,12
J2,4.33,2020,98,16
F2,4.32,1979,114,18
I12,4.32,1980,113,10
B14,4.32,1981,139,22
J3,4.32,2020,96,7
B8,4.32,2020,106,10
B12,4.32,2020,103,9
H4,4.31,1982,80,19
B21,4.31,1987,168,12
B16,4.31,2005,118,6
F21,4.31,2005,151,7
F19,4.31,2020,80,4
B1,4.3,1981,67,20
D21,4.3,2020,100,4
D16,4.3,2020,189,17
B13,4.29,1979,112,16
F10,4.29,1980,117,18
B12,4.29,1984,156,12
H9,4.29,1984,156,17
I11,4.28,1981,129,14
I11,4.28,1987,155,13
G10,4.28,2005,67,12
J13,4.28,2005,127,5
E5,4.27,1980,115,10
K4,4.27,1982,100,18
B11,4.26,1981,135,16
G2,4.26,1982,99,18
I11,4.26,1984,154,12
J2,4.26,1987,95,3
C13,4.26,2005,122,11
H3,4.25,1981,113,14
E1,4.25,1987,79,11
G16,4.25,1987,105,17
I10,4.24,1982,123,21
B21,4.24,1984,202,15
C1,4.24,1984,83,8
B16,4.24,1984,208,14
J1,4.24,1987,148,9
K11,4.23,1980,163,18
B19,4.23,1981,120,16
G11,4.23,1995,171,10
I4,4.23,2020,86,9
E1,4.22,1981,67,18
A12,4.21,1979,126,8
I10,4.21,1979,97,15
C3,4.21,1980,87,14
J10,4.21,1982,89,19
D21,4.21,1982,62,5
K9,4.21,1984,153,10
G11,4.21,1984,63,8
B12,4.2,1981,126,13
H4,4.2,1995,181,16
E11,4.19,1981,108,17
B13,4.19,1981,106,16
F21,4.19,1981,85,5
F16,4.19,1982,96,14
H2,4.19,1984,102,21
I2,4.18,2020,77,10
G14,4.17,1981,137,18
B11,4.16,1980,149,16
J2,4.16,1981,82,6
B17,4.16,1982,112,21
F13,4.16,1995,89,16
C14,4.15,1982,98,17
K5,4.15,2020,65,11
E16,4.15,2020,99,11
H3,4.14,1979,121,13
F2,4.14,1980,135,20
K12,4.13,1995,174,12
K9,4.13,1995,178,6
D4,4.13,2020,141,10
K2,4.12,1981,56,4
B18,4.12,1981,91,17
B20,4.12,1984,187,10
D21,4.11,1979,57,6
D21,4.11,1980,57,6
K8,4.11,1987,248,15
E19,4.1,1980,48,4
E1,4.1,1982,100,19
H10,4.1,1987,206,16
E1,4.09,1979,57,14
F21,4.08,1984,149,4
G15,4.08,1987,185,17
K11,4.07,1987,201,20
I2,4.07,1995,75,7
K12,4.06,1979,95,13
I10,4.06,1981,102,20
B4,4.06,1981,90,19
G11,4.06,1987,109,9
B13,4.05,1980,151,16
K12,4.05,1982,113,17
F9,4.05,2020,126,8
K11,4.04,1981,182,19
D10,4.04,1982,95,23
H15,4.04,2020,99,10
K1,4.04,2020,81,15
C4,4.03,1980,128,15
E10,4.02,1979,96,13
E16,4.02,2005,242,17
A1,4.02,2005,85,10
F10,4.01,1984,93,11
J10,4.01,1984,123,12
A4,4.01,1987,143,13
H9,4,1980,181,18
B3,4,1984,211,12
L11,4,1984,109,12
C15,3.99,1979,80,19
I2,3.99,1981,78,12
F1,3.99,1982,139,25
C15,3.99,2005,69,7
B18,3.97,1980,77,17
C14,3.97,1980,123,18
D12,3.96,1980,106,15
E10,3.96,1980,119,19
J3,3.96,1984,187,10
B12,3.96,2005,113,12
F18,3.96,2005,229,9
C21,3.95,1981,110,25
F19,3.95,1981,128,9
B11,3.95,1982,119,14
C14,3.95,2020,171,12
J1,3.94,2005,69,11
K10,3.94,2020,232,13
K8,3.93,1979,121,11
I10,3.93,1980,128,19
K12,3.93,1981,112,17
K4,3.93,2020,116,11
I2,3.92,1980,112,11
J10,3.92,1981,76,20
F1,3.92,1981,146,25
B15,3.92,1982,74,17
D13,3.92,2020,165,13
F1,3.91,2020,77,14
H2,3.9,1979,105,19
F19,3.9,1979,135,7
J16,3.9,2005,240,4
B11,3.89,1979,126,15
B22,3.89,1995,161,20
E22,3.89,1995,83,5
E18,3.89,1995,123,9
D13,3.88,1984,137,11
H6,3.88,2020,129,14
F19,3.87,1980,123,9
E10,3.87,1981,143,21
K12,3.87,1984,264,14
K11,3.87,1995,125,11
E5,3.87,2020,60,13
B1,3.86,1984,99,18
K1,3.86,1987,127,8
K10,3.86,1995,102,9
E18,3.85,1979,136,13
D17,3.85,1979,46,13
L8,3.85,1995,131,7
H16,3.85,2020,143,8
B3,3.84,1979,81,13
C14,3.83,1979,95,14
H15,3.83,2005,72,11
G11,3.83,2005,115,9
E15,3.82,1979,65,9
K8,3.82,1980,112,11
F18,3.82,1995,131,16
E17,3.81,1980,134,19
K11,3.81,1984,240,13
F19,3.81,1987,227,17
J5,3.81,1995,254,14
E22,3.81,2005,114,6
A1,3.8,1987,107,17
I11,3.8,1995,153,15
B14,3.79,1979,112,17
B8,3.79,1980,100,15
B19,3.79,1984,224,15
L7,3.79,1995,170,7
F1,3.78,1984,134,12
B10,3.78,2020,111,11
K3,3.78,2020,104,9
I1,3.77,1995,132,13
F16,3.76,1980,110,13
E15,3.76,1982,113,17
D11,3.76,2020,74,11
F16,3.75,1979,103,12
L7,3.75,1987,202,15
E22,3.75,1987,114,6
F20,3.75,2005,166,6
C13,3.75,2020,162,15
K12,3.73,1980,128,17
L5,3.73,1982,82,14
E18,3.73,1987,237,15
B3,3.72,1980,95,14
E21,3.72,1995,53,7
B3,3.71,1981,87,15
J2,3.71,1982,59,7
L3,3.71,2005,91,6
A19,3.71,2020,111,8
C14,3.7,1981,106,18
H2,3.7,1987,127,20
J12,3.69,1987,127,16
B4,3.69,1995,102,8
L4,3.68,1982,78,14
K3,3.68,1987,114,9
E17,3.68,1995,111,18
B21,3.68,1995,113,10
C21,3.67,1980,132,23
B19,3.66,1980,138,15
E1,3.66,1980,61,14
K10,3.65,2005,288,7
E19,3.65,2020,85,2
E10,3.64,1982,96,15
A5,3.64,1995,88,7
G19,3.64,2020,128,5
K11,3.63,1982,99,18
A23,3.62,2005,69,7
K9,3.62,2020,128,11
K8,3.61,1981,120,14
A4,3.61,1995,115,7
J1,3.6,1981,83,13
I1,3.6,1981,112,24
B22,3.59,1980,107,15
G11,3.59,1981,74,14
L5,3.58,1984,111,6
L7,3.56,1984,195,11
G1,3.55,1984,119,11
B22,3.55,2020,188,7
F12,3.54,2020,59,8
G13,3.53,1987,162,9
K3,3.53,1995,73,10
E5,3.53,1995,104,17
J10,3.52,1987,172,20
C23,3.52,2020,93,9
B19,3.51,1979,121,13
B18,3.51,1979,85,15
J10,3.51,1979,97,11
H2,3.51,1980,134,18
E9,3.5,2020,48,4
L6,3.49,1979,137,15
B19,3.49,1982,129,21
B15,3.49,1984,207,11
C14,3.49,2005,110,7
I1,3.48,1980,121,22
E18,3.48,1980,169,13
L3,3.48,1995,124,7
A4,3.48,2020,194,7
H4,3.47,1979,103,14
G11,3.47,1980,66,14
B18,3.47,1982,98,17
B8,3.46,1979,80,14
J10,3.46,1980,110,17
B11,3.46,1984,163,9
B24,3.46,1987,179,17
B21,3.46,2005,90,8
B22,3.45,1979,87,11
L6,3.45,1981,145,15
E19,3.45,1982,55,5
F8,3.45,1984,247,13
B4,3.45,2005,159,6
G12,3.45,2005,203,11
H11,3.45,2020,145,14
B15,3.44,1981,55,11
I2,3.44,1984,61,5
I2,3.44,2005,39,8
B6,3.44,2005,131,12
E18,3.43,1981,174,13
B18,3.43,1984,176,18
I12,3.43,1987,198,15
A14,3.43,1995,105,9
L6,3.42,1982,106,15
F1,3.41,1980,121,23
K9,3.41,1980,168,18
A4,3.41,1981,100,10
D4,3.41,2005,106,9
B11,3.41,2020,107,8
E17,3.4,1982,112,18
B22,3.4,1982,105,15
K1,3.4,2005,55,7
J2,3.39,1979,79,5
B3,3.39,1982,99,13
B15,3.39,2020,178,8
E5,3.38,1979,96,10
K10,3.38,1987,197,15
B14,3.38,2005,193,8
J11,3.36,1995,177,19
H11,3.36,2005,74,12
G19,3.36,2005,104,10
G13,3.35,1982,84,12
B17,3.35,1984,234,19
B1,3.35,1987,129,18
B14,3.35,1995,167,11
A22,3.35,1995,120,11
J2,3.34,1980,83,5
H10,3.34,1981,91,14
A4,3.34,1982,82,9
F19,3.34,1984,225,14
F10,3.34,1987,169,21
I15,3.34,2005,154,9
C21,3.33,1979,115,19
J1,3.33,1980,113,8
K2,3.33,1987,113,6
I15,3.33,2020,200,9
G1,3.32,1982,68,19
D20,3.32,1995,66,5
G11,3.32,2020,57,8
G13,3.31,1979,85,8
L6,3.31,1980,151,15
J11,3.31,1981,124,12
K9,3.31,1981,170,18
G13,3.31,1981,71,8
K13,3.31,2005,218,9
E19,3.29,1981,73,5
D12,3.29,2005,252,11
J9,3.28,1980,138,15
B21,3.28,2020,287,6
L7,3.27,1982,59,16
K12,3.27,2005,232,8
I1,3.26,1979,151,21
K9,3.26,1979,125,10
F1,3.26,1979,172,22
A2,3.23,1980,102,12
G1,3.23,1981,99,23
H10,3.22,1982,90,16
B17,3.22,2020,199,11
I12,3.22,2020,23,11
F12,3.21,1981,105,9
H15,3.21,1982,71,13
A12,3.2,1981,178,9
H2,3.2,1981,121,20
K17,3.2,2005,94,7
J11,3.19,1979,105,10
A12,3.19,1980,163,9
L12,3.18,2005,11,5
H20,3.17,2020,84,7
G1,3.16,1980,102,17
J9,3.16,1987,190,17
G15,3.15,1980,112,20
E19,3.14,1995,35,5
G15,3.13,1981,102,19
K2,3.13,1984,93,2
F12,3.12,1979,109,8
J9,3.12,1982,134,18
G16,3.11,1979,71,10
B20,3.11,1981,151,18
E5,3.11,1984,85,9
B7,3.11,2020,138,8
H11,3.1,1995,144,15
E18,3.09,1982,132,13
G13,3.07,2005,176,8
K2,3.07,2020,95,10
J11,3.06,1980,121,13
L13,3.06,1981,18,3
B20,3.06,1982,106,18
K9,3.05,1982,115,18
I2,3.05,1987,111,7
B20,3.04,1980,132,16
E15,3.04,1981,160,15
A5,3.04,2020,158,7
I13,3.04,2020,75,9
I12,3.03,1979,76,8
B14,3.03,1982,150,22
A23,3.01,2020,75,6
G15,3,1979,94,18
F21,3,1982,143,8
G15,3,1982,110,18
F18,2.99,1987,266,19
G21,2.99,2005,67,6
B18,2.99,2020,169,14
G11,2.98,1979,61,11
G15,2.98,1984,180,16
E20,2.98,1995,54,7
K2,2.98,1995,94,9
J9,2.97,1981,116,16
K7,2.97,2020,128,11
I9,2.94,1984,110,11
I12,2.94,2005,106,6
E19,2.93,1979,55,5
A11,2.93,2005,136,9
I12,2.92,1984,199,14
A9,2.92,2005,174,7
G16,2.9,1981,83,13
L11,2.9,2005,82,3
A11,2.88,2020,34,4
A2,2.87,2005,134,8
D23,2.87,2005,85,8
I14,2.87,2020,103,9
B22,2.86,1984,180,13
G1,2.85,1979,71,19
K9,2.84,2005,198,5
K4,2.82,1984,131,10
L7,2.81,1980,152,16
H2,2.81,1982,152,21
I1,2.81,1982,183,27
A25,2.81,1995,128,7
L10,2.81,2005,27,3
K1,2.8,1980,86,14
F fence,2.8,2005,84,6
B20,2.79,1979,107,16
A2,2.78,1995,194,10
H13,2.78,2020,81,10
G16,2.77,1980,77,11
A9,2.77,2020,196,6
L9,2.76,1984,63,5
A7,2.76,1984,242,10
F18,2.76,2020,148,8
E15,2.75,1980,121,13
H3,2.75,1980,125,12
A23,2.75,1982,173,8
A2,2.75,1987,171,9
E17,2.75,2005,122,12
F18,2.73,1979,123,12
H15,2.73,1980,91,15
B21,2.73,1981,134,16
L4,2.73,1995,200,8
H15,2.72,1981,89,15
E22,2.72,1982,82,15
L6,2.72,1995,204,11
H15,2.71,1979,85,13
B23,2.71,1982,104,15
J15,2.71,2005,129,4
L3,2.7,1984,97,6
F21,2.7,1995,60,7
J15,2.7,2020,198,5
H1,2.69,1984,171,9
I9,2.69,1987,147,12
I15,2.68,1995,168,9
A5,2.67,1987,291,15
A3,2.66,1984,266,14
F20,2.66,1984,224,15
J9,2.65,1979,111,12
L9,2.65,1995,116,8
F18,2.64,1980,146,14
D8,2.64,2005,104,12
J12,2.63,1984,149,14
L11,2.63,1987,169,7
A2,2.62,1984,214,6
J19,2.62,2005,16,5
L4,2.62,2005,68,6
I12,2.61,1981,61,11
L6,2.6,1987,196,15
L10,2.6,1995,73,12
I13,2.6,2005,72,11
D19,2.6,2020,100,3
A12,2.59,1982,132,10
G13,2.58,1980,128,8
D20,2.58,1984,90,5
A22,2.57,2005,44,7
B23,2.57,2020,124,10
A2,2.56,1981,129,15
E8,2.56,2020,125,4
L4,2.54,1979,54,8
B24,2.54,2020,204,5
A4,2.53,1979,129,9
H13,2.53,1984,113,13
A11,2.52,1984,284,6
A8,2.52,1984,233,7
H12,2.52,1995,159,12
K10,2.51,1984,113,8
H10,2.5,1979,98,11
A18,2.5,1995,90,13
A9,2.5,1995,107,9
K13,2.49,1979,102,20
L4,2.49,1981,59,9
E18,2.49,2005,180,11
B21,2.48,1982,123,18
A22,2.48,2020,60,6
J11,2.47,1982,139,15
F13,2.47,1987,130,17
J1,2.44,1979,95,8
A24,2.44,2020,88,5
L1,2.44,2020,111,5
K1,2.43,1979,99,15
F12,2.43,1980,132,8
H13,2.43,2005,44,13
E19,2.43,2005,218,6
A2,2.42,1979,104,11
L7,2.42,1981,78,16
A17,2.42,1995,118,16
A4,2.41,1980,135,8
A25,2.41,2005,116,10
A2,2.39,1982,161,14
I11,2.38,2005,187,5
L7,2.36,1979,97,14
H10,2.36,1980,111,13
A7,2.35,1980,183,11
G16,2.35,1982,82,15
J12,2.35,1995,133,9
K11,2.35,2020,161,11
I14,2.34,2005,162,6
K10,2.32,1980,140,14
A10,2.32,1987,168,10
A12,2.32,2020,231,11
G16,2.31,1984,130,15
I14,2.31,1995,193,7
K8,2.31,2020,172,8
F18,2.29,1981,140,15
A4,2.27,2005,90,6
F19,2.26,1982,84,9
L5,2.26,1987,170,10
H12,2.26,2020,91,12
K2,2.25,2005,71,5
A3,2.24,1982,126,16
A7,2.24,1987,251,15
B22,2.24,2005,139,6
L1,2.23,1980,91,14
A3,2.23,1987,285,11
A5,2.23,2005,254,11
K10,2.22,1982,113,15
G12,2.22,2020,98,7
J13,2.2,1995,178,13
B15,2.19,1979,95,8
B15,2.18,1980,117,11
H15,2.18,1995,97,18
K8,2.18,2005,243,5
A3,2.17,1995,71,11
B1,2.16,1982,96,18
A3,2.14,1979,137,12
I12,2.14,1982,81,12
H15,2.13,1987,171,12
K13,2.12,1981,107,22
E18,2.12,2020,137,5
A1,2.11,1981,145,23
I11,2.11,2020,123,10
B1,2.1,1980,92,14
A1,2.1,1982,123,22
H13,2.09,1995,137,15
A8,2.07,2005,216,14
A11,2.06,1979,110,14
A11,2.06,1987,190,14
L1,2.06,1987,140,10
H14,2.06,1995,78,17
A23,2.06,1995,90,5
L6,2.06,2005,86,6
A21,2.06,2020,36,6
I13,2.05,1995,132,14
A23,2.04,1979,135,6
F18,2.04,1984,139,13
A11,2.03,1981,107,15
L10,2.03,1987,194,10
A13,2.02,1979,94,8
H12,2.02,1979,101,14
J11,2.02,1984,190,11
L8,2,1980,65,9
A7,2,1995,150,7
A14,2,2020,33,5
B14,1.99,2020,167,8
L11,1.99,2020,148,5
K13,1.98,1987,185,12
K10,1.97,1979,118,13
A9,1.96,1987,213,14
B23,1.95,1980,87,13
A16,1.95,1984,171,9
H8,1.95,1987,106,9
I9,1.94,1979,118,13
A14,1.93,1987,68,12
A10,1.93,1995,58,12
A1,1.91,1980,148,18
L8,1.91,1981,147,12
I12,1.91,1995,129,7
A17,1.91,2005,75,8
A20,1.91,2020,107,6
J1,1.9,1984,124,7
H11,1.89,1984,205,14
F18,1.88,1982,110,15
A23,1.88,1987,193,17
A3,1.87,1980,140,14
K1,1.87,1984,79,7
A23,1.86,1980,148,7
K1,1.86,1982,91,14
I14,1.86,1987,267,12
A6,1.85,1981,130,17
K1,1.85,1995,100,14
A16,1.84,2020,70,6
I9,1.83,1981,105,17
B24,1.83,1984,192,18
L8,1.83,1987,172,15
A16,1.83,2005,52,6
A10,1.82,1981,113,9
B24,1.82,1982,130,13
H1,1.82,1987,120,13
H12,1.82,2005,169,11
A10,1.81,1984,216,9
A6,1.8,1984,150,8
L6,1.8,2020,106,7
A6,1.79,1980,149,13
I1,1.79,1987,126,14
H12,1.78,1980,118,13
H15,1.78,1984,180,7
B24,1.77,1979,120,13
H12,1.77,1982,83,14
A10,1.77,2005,98,12
H1,1.76,1981,55,20
K1,1.76,1981,80,16
L3,1.75,2020,53,6
A12,1.74,1987,218,12
A24,1.74,1995,214,10
K10,1.72,1981,101,15
A21,1.71,1995,101,17
I9,1.7,1982,91,14
L11,1.7,1982,139,12
L11,1.7,1995,53,8
B23,1.69,2005,104,7
J12,1.68,2020,25,7
A11,1.67,1982,132,16
K6,1.67,2020,115,11
A25,1.67,2020,45,4
H16,1.66,1981,152,14
H16,1.66,1995,104,14
B23,1.65,1995,213,14
A13,1.64,1987,291,12
H16,1.64,1987,222,12
J12,1.64,2005,114,9
L17,1.63,2005,68,6
D20,1.63,2020,95,2
A6,1.62,1979,133,14
B23,1.62,1987,176,12
K13,1.62,1995,133,10
L9,1.61,1987,163,11
L1,1.6,1982,162,16
L1,1.6,1984,131,8
B24,1.59,1981,179,14
L6,1.59,1984,163,14
L7,1.58,2005,31,8
B1,1.57,1979,107,20
A5,1.57,1980,140,11
A5,1.55,1979,116,10
B21,1.55,1980,125,15
A6,1.55,1982,156,17
K13,1.54,1980,81,20
L2,1.54,1987,78,9
A6,1.54,1995,155,13
A12,1.54,1995,78,13
B24,1.52,1980,117,12
H12,1.49,1981,126,14
A12,1.49,1984,193,11
K11,1.48,2005,124,4
B21,1.47,1979,118,14
L12,1.47,2020,15,5
E22,1.46,1979,81,8
E22,1.46,1980,94,12
A3,1.46,1981,177,15
I9,1.45,1980,131,15
L10,1.45,1984,93,10
B24,1.45,2005,143,9
A15,1.44,1981,133,14
J13,1.43,1984,179,20
L10,1.43,2020,49,8
J1,1.42,2020,127,8
L14,1.41,2005,32,8
L2,1.4,1980,132,14
A11,1.4,1980,86,13
L2,1.38,1982,105,14
A14,1.37,1979,126,16
A23,1.37,1981,183,8
I15,1.37,1987,139,13
L8,1.36,1982,47,12
A5,1.36,1984,124,4
J13,1.36,1987,154,4
A21,1.36,2005,28,4
A5,1.35,1981,127,16
L1,1.34,1981,68,18
H12,1.34,1984,158,9
L12,1.34,1995,131,7
L1,1.32,1995,94,8
A14,1.31,1981,61,15
H16,1.3,1984,126,8
A13,1.3,1995,54,8
L13,1.3,2005,30,9
A10,1.29,1982,156,10
L2,1.29,1995,107,6
H14,1.28,1981,93,15
I1,1.27,1984,114,10
A19,1.27,1987,240,9
G20,1.27,2005,196,7
A16,1.26,1982,102,18
A15,1.26,1987,194,15
L5,1.26,1995,164,16
H1,1.24,1980,90,15
A7,1.24,1982,121,15
I13,1.24,1984,162,13
A3,1.24,2005,33,11
G13,1.24,2020,210,4
L12,1.22,1981,138,11
A11,1.22,1995,146,7
A15,1.21,1980,118,11
A1,1.2,2020,65,5
A7,1.17,1979,111,10
L12,1.17,1984,231,13
J12,1.15,1982,78,16
A10,1.15,2020,86,6
J12,1.14,1981,80,15
A13,1.14,1981,73,7
I14,1.14,1982,147,17
A5,1.14,1982,110,12
I13,1.14,1987,193,16
A6,1.14,1987,169,9
A15,1.11,1979,90,8
F21,1.11,1987,241,14
L2,1.1,1979,106,13
A9,1.08,1979,111,6
L11,1.08,1980,105,11
K12,1.08,2020,143,9
A15,1.07,1984,241,12
L8,1.06,1979,50,5
L2,1.05,1981,116,15
A8,1.05,1987,212,16
A12,1.05,2005,94,11
L2,1.05,2005,66,11
J12,1.03,1979,90,11
A22,1.03,1981,96,10
I14,1.03,1981,139,13
L10,1.03,1982,140,16
L4,1.03,2020,138,7
A15,1.02,1982,65,13
A19,1.01,2005,141,6
B23,1,1981,128,11
A8,1,1995,145,5
A6,1,2005,95,10
A1,0.99,1979,88,14
A9,0.99,1980,121,6
A21,0.99,1980,118,11
A18,0.99,1987,273,14
I14,0.98,1980,151,12
H16,0.98,1982,123,17
A8,0.98,2020,41,4
B23,0.97,1979,74,9
L15,0.97,2005,178,4
L7,0.97,2020,38,10
A22,0.96,1979,94,9
H16,0.96,1980,115,14
A20,0.95,1979,108,13
H14,0.94,1980,86,14
L9,0.94,1982,118,12
A9,0.93,1981,110,7
A22,0.93,1982,147,11
H11,0.93,1987,163,12
A14,0.92,2005,49,5
A15,0.92,2020,51,5
L1,0.91,1979,66,12
I13,0.91,1982,85,15
A14,0.9,1982,151,19
H11,0.9,1982,106,16
A9,0.9,1984,132,5
A17,0.9,1984,178,9
A13,0.9,2020,126,8
A21,0.89,1979,123,9
A7,0.89,1981,157,12
A22,0.88,1987,178,14
A9,0.87,1982,124,7
A22,0.87,1984,151,10
L5,0.85,2005,34,7
A10,0.84,1980,106,8
I14,0.84,1984,223,13
H14,0.83,1984,185,14
H1,0.82,1979,85,11
L10,0.81,1981,101,18
J12,0.8,1980,107,12
A18,0.8,1984,161,13
A4,0.79,1984,185,12
H14,0.79,1987,165,11
A7,0.79,2005,52,8
A13,0.78,1980,120,8
A8,0.78,1982,129,15
H16,0.77,1979,88,12
L10,0.77,1980,130,17
A10,0.76,1979,99,8
A8,0.76,1979,86,14
I13,0.76,1980,106,13
L12,0.76,1987,205,15
L9,0.76,2005,34,5
A2,0.75,2020,16,6
L13,0.75,2020,20,2
L5,0.75,2020,106,7
A8,0.74,1980,115,14
H12,0.74,1987,188,19
A23,0.73,1984,157,4
A19,0.73,1984,193,19
A15,0.73,1995,172,17
H14,0.72,1979,74,13
A13,0.72,1984,174,10
I15,0.71,1981,82,14
H13,0.71,1987,205,11
J13,0.7,1981,76,17
B23,0.7,1984,69,5
A20,0.69,1982,130,14
H1,0.69,1982,116,19
I14,0.68,1979,68,9
L8,0.68,1984,59,4
A14,0.66,1980,115,16
I13,0.64,1981,87,17
K13,0.64,1982,164,20
L2,0.64,2020,194,7
A21,0.62,1982,151,15
A13,0.6,1982,94,7
A6,0.6,2020,5,2
A17,0.59,1980,88,13
A19,0.59,1981,88,10
L12,0.58,1982,157,12
I15,0.57,1982,89,12
H14,0.57,1982,106,15
I15,0.57,1984,140,9
L13,0.57,1995,122,6
L16,0.57,2005,105,10
I15,0.56,1980,84,12
A16,0.56,1980,97,13
H11,0.56,1981,110,16
A14,0.56,1984,197,10
A18,0.55,1982,112,10
L8,0.55,2020,80,7
A7,0.53,2020,36,4
A16,0.52,1981,133,16
L13,0.52,1984,118,12
A17,0.52,2020,63,10
L9,0.5,1981,118,14
A18,0.49,1979,82,6
A17,0.49,1982,111,17
H11,0.48,1980,69,11
J13,0.46,1980,109,16
A21,0.45,1981,147,11
A20,0.45,1987,262,15
L12,0.44,1980,167,11
A18,0.44,1981,111,8
A8,0.44,1981,130,15
A20,0.44,1995,158,14
L12,0.43,1979,95,11
A17,0.43,1979,93,10
I15,0.43,1979,61,8
J13,0.42,1982,118,18
L9,0.4,1979,58,8
L11,0.4,1981,115,11
A24,0.4,2005,30,7
A19,0.39,1982,122,11
A21,0.39,1984,227,9
L9,0.39,2020,165,5
A17,0.38,1981,108,17
L11,0.37,1979,57,7
K13,0.37,1984,115,8
A22,0.36,1980,96,10
A13,0.34,2005,117,7
L8,0.34,2005,65,9
A18,0.32,1980,78,6
A18,0.32,2020,28,4
A19,0.31,1995,109,16
A15,0.28,2005,71,4
A16,0.27,1979,95,12
A20,0.26,1980,73,11
A25,0.26,1982,101,6
A19,0.25,1979,108,10
L13,0.25,1987,115,5
A19,0.24,1980,76,11
J13,0.23,1979,110,14
A21,0.23,1987,217,12
A3,0.23,2020,43,8
H13,0.21,1980,102,11
L9,0.21,1980,102,11
A20,0.21,1981,132,13
H13,0.21,1982,112,13
A20,0.2,2005,5,3
A16,0.18,1995,111,3
I13,0.16,1979,74,9
A20,0.14,1984,245,9
A18,0.14,2005,66,7
A25,0.13,1980,120,4
A16,0.12,1987,146,7
A17,0.11,1987,181,8
H11,0.1,1979,101,8
L18,0.09,2005,106,4
L10,0.08,1979,91,11
A24,0.08,1982,119,6
A24,0.06,1980,88,5
A24,0.05,1984,293,5
A24,0.03,1979,88,3
L13,0.02,1979,101,2
L13,0.02,1982,111,5
A25,0.02,1984,219,8
L13,0.01,1980,101,3
A25,0,1979,103,3
H13,0,1979,92,7
A24,0,1981,102,4
A25,0,1981,130,5
H13,0,1981,92,7
A24,0,1987,100,5
A25,0,1987,143,5
L1,0,2005,62,7
